wkt,latitude,longitude
227,3956.3641N,11624.4724E
240,3956.3751N,11624.4901E
249,3956.3758N,11624.4991E
256,3956.3759N,11624.5063E
261,3956.3765N,11624.5089E
264,3956.3753N,11624.5082E
267,3956.3749N,11624.5067E
269,3956.3733N,11624.5064E
270,3956.3727N,11624.5065E
270,3956.3725N,11624.507E
270,3956.3724N,11624.5074E
270,3956.3723N,11624.5078E
270,3956.3722N,11624.508E
269,3956.372N,11624.508E
269,3956.3718N,11624.508E
268,3956.3715N,11624.5078E
268,3956.3715N,11624.5079E
267,3956.3711N,11624.5077E
266,3956.3707N,11624.5074E
265,3956.3704N,11624.5073E
265,3956.3704N,11624.5073E
264,3956.3703N,11624.5074E
263,3956.37N,11624.507E
262,3956.3696N,11624.5067E
262,3956.3693N,11624.5066E
261,3956.3693N,11624.5067E
260,3956.3694N,11624.507E
260,3956.3695N,11624.5074E
259,3956.3695N,11624.5077E
258,3956.3695N,11624.5077E
258,3956.3696N,11624.5079E
257,3956.3696N,11624.5078E
257,3956.3695N,11624.5078E
256,3956.3694N,11624.5077E
256,3956.3693N,11624.5078E
255,3956.3695N,11624.5079E
255,3956.3696N,11624.5079E
254,3956.3695N,11624.508E
254,3956.3694N,11624.5079E
253,3956.3696N,11624.5079E
252,3956.3698N,11624.5079E
252,3956.3699N,11624.508E
251,3956.37N,11624.508E
251,3956.3702N,11624.508E
250,3956.3703N,11624.508E
250,3956.3704N,11624.508E
249,3956.3704N,11624.5079E
249,3956.3703N,11624.5079E
248,3956.3702N,11624.5079E
248,3956.3699N,11624.5076E
247,3956.3697N,11624.5075E
247,3956.3693N,11624.5071E
246,3956.3686N,11624.5067E
246,3956.3679N,11624.5061E
246,3956.3674N,11624.5056E
245,3956.3663N,11624.5043E
245,3956.3659N,11624.5039E
245,3956.3657N,11624.5036E
244,3956.3658N,11624.5036E
244,3956.3661N,11624.5038E
243,3956.3663N,11624.504E
243,3956.3664N,11624.5042E
243,3956.3665N,11624.5044E
243,3956.3668N,11624.5044E
242,3956.3671N,11624.5044E
242,3956.3674N,11624.5043E
242,3956.3674N,11624.5039E
241,3956.3675N,11624.5037E
241,3956.3676N,11624.5036E
241,3956.3676N,11624.5034E
241,3956.3675N,11624.5032E
240,3956.3676N,11624.5031E
240,3956.3676N,11624.503E
240,3956.368N,11624.5033E
240,3956.3681N,11624.5033E
239,3956.3683N,11624.5034E
239,3956.3685N,11624.5033E
239,3956.3686N,11624.5032E
239,3956.3688N,11624.5032E
239,3956.3689N,11624.5031E
239,3956.3691N,11624.5031E
238,3956.3694N,11624.5031E
238,3956.3697N,11624.5032E
238,3956.3699N,11624.5032E
238,3956.3701N,11624.5033E
238,3956.3703N,11624.5034E
237,3956.3705N,11624.5036E
237,3956.3708N,11624.5038E
237,3956.3708N,11624.504E
237,3956.3708N,11624.5041E
237,3956.3707N,11624.504E
236,3956.3705N,11624.5039E
236,3956.3704N,11624.5038E
236,3956.3703N,11624.5038E
236,3956.3702N,11624.5039E
235,3956.3701N,11624.504E
235,3956.37N,11624.504E
235,3956.3701N,11624.5042E
235,3956.3702N,11624.5045E
235,3956.3704N,11624.5048E
235,3956.3707N,11624.5051E
236,3956.3709N,11624.5054E
236,3956.3712N,11624.5057E
237,3956.3714N,11624.5059E
237,3956.3716N,11624.5061E
237,3956.3717N,11624.5062E
237,3956.3718N,11624.5063E
238,3956.3719N,11624.5064E
238,3956.3722N,11624.5067E
238,3956.3724N,11624.5069E
238,3956.3725N,11624.5071E
238,3956.3723N,11624.5069E
239,3956.3723N,11624.5068E
239,3956.3724N,11624.5067E
239,3956.3725N,11624.5067E
239,3956.3726N,11624.5067E
239,3956.3728N,11624.5069E
239,3956.373N,11624.507E
239,3956.3731N,11624.5071E
239,3956.3733N,11624.5073E
239,3956.3737N,11624.5076E
239,3956.374N,11624.5078E
239,3956.3742N,11624.508E
239,3956.3744N,11624.5082E
239,3956.3746N,11624.5084E
239,3956.3747N,11624.5086E
239,3956.3749N,11624.5088E
239,3956.3752N,11624.5091E
239,3956.3754N,11624.5093E
239,3956.3756N,11624.5096E
239,3956.3757N,11624.5097E
239,3956.3758N,11624.5099E
238,3956.3759N,11624.5101E
238,3956.3759N,11624.5102E
238,3956.3759N,11624.5103E
238,3956.3758N,11624.5105E
238,3956.3757N,11624.5105E
238,3956.3755N,11624.5104E
237,3956.3755N,11624.5105E
237,3956.3754N,11624.5105E
237,3956.3753N,11624.5104E
237,3956.3753N,11624.5104E
237,3956.3752N,11624.5103E
237,3956.3753N,11624.51E
237,3956.3751N,11624.5098E
237,3956.3748N,11624.5094E
237,3956.3746N,11624.5091E
237,3956.3744N,11624.5087E
237,3956.3743N,11624.5084E
237,3956.3741N,11624.5079E
237,3956.3741N,11624.5077E
237,3956.3741N,11624.5076E
237,3956.3739N,11624.5074E
237,3956.3738N,11624.5073E
237,3956.3734N,11624.5068E
237,3956.3731N,11624.5063E
237,3956.3728N,11624.5057E
237,3956.3723N,11624.505E
237,3956.372N,11624.5045E
237,3956.3716N,11624.504E
237,3956.3714N,11624.5036E
237,3956.3711N,11624.5032E
237,3956.3709N,11624.5028E
237,3956.3705N,11624.5022E
237,3956.3703N,11624.5019E
237,3956.3703N,11624.5018E
237,3956.3702N,11624.5016E
237,3956.3703N,11624.5017E
237,3956.3703N,11624.5017E
237,3956.3703N,11624.5017E
237,3956.3705N,11624.5021E
237,3956.3708N,11624.5024E
237,3956.3707N,11624.5024E
237,3956.3709N,11624.5027E
237,3956.3704N,11624.5022E
237,3956.3696N,11624.5013E
237,3956.369N,11624.5006E
237,3956.3681N,11624.4998E
236,3956.3676N,11624.4993E
236,3956.3673N,11624.4991E
236,3956.3673N,11624.4991E
236,3956.3675N,11624.4995E
236,3956.3675N,11624.4995E
236,3956.3674N,11624.4995E
236,3956.3669N,11624.4991E
236,3956.3668N,11624.4991E
236,3956.3664N,11624.4988E
235,3956.3664N,11624.4989E
235,3956.3661N,11624.4988E
235,3956.3655N,11624.4982E
235,3956.3654N,11624.4982E
235,3956.3652N,11624.4982E
234,3956.3652N,11624.498E
234,3956.3652N,11624.4978E
234,3956.3653N,11624.4979E
234,3956.3653N,11624.4979E
234,3956.3655N,11624.498E
234,3956.3654N,11624.4979E
234,3956.3656N,11624.498E
234,3956.3654N,11624.4978E
234,3956.3657N,11624.4982E
234,3956.3661N,11624.4986E
234,3956.3665N,11624.4991E
234,3956.3668N,11624.4995E
234,3956.367N,11624.4996E
235,3956.3683N,11624.5009E
235,3956.369N,11624.5016E
235,3956.3694N,11624.502E
235,3956.3697N,11624.5022E
234,3956.37N,11624.5027E
235,3956.3703N,11624.5031E
235,3956.3705N,11624.5034E
236,3956.3707N,11624.5036E
237,3956.3707N,11624.5037E
238,3956.3706N,11624.5037E
238,3956.3704N,11624.5036E
239,3956.3703N,11624.5037E
239,3956.3704N,11624.5039E
239,3956.3703N,11624.504E
239,3956.3702N,11624.5041E
240,3956.3702N,11624.5042E
240,3956.3701N,11624.5042E
240,3956.37N,11624.5042E
241,3956.3698N,11624.5041E
241,3956.3695N,11624.504E
241,3956.3694N,11624.504E
241,3956.3694N,11624.504E
241,3956.3693N,11624.504E
241,3956.3693N,11624.5041E
241,3956.3693N,11624.5041E
241,3956.3695N,11624.5041E
241,3956.3695N,11624.5042E
241,3956.3696N,11624.5043E
241,3956.3696N,11624.5043E
241,3956.3695N,11624.5044E
241,3956.369N,11624.5043E
241,3956.3686N,11624.5042E
241,3956.3684N,11624.5042E
241,3956.3683N,11624.5042E
241,3956.3682N,11624.5042E
241,3956.3683N,11624.5043E
241,3956.3684N,11624.5045E
241,3956.3689N,11624.5048E
241,3956.3693N,11624.5051E
242,3956.3696N,11624.5055E
242,3956.3697N,11624.5057E
243,3956.3697N,11624.5059E
244,3956.3699N,11624.5061E
246,3956.3699N,11624.5061E
263,3956.3698N,11624.506E
266,3956.3695N,11624.5054E
266,3956.3694N,11624.5049E
265,3956.3693N,11624.5044E
264,3956.3692N,11624.5043E
263,3956.3692N,11624.5042E
262,3956.3693N,11624.5039E
260,3956.3692N,11624.5033E
258,3956.3691N,11624.5027E
256,3956.3685N,11624.5012E
255,3956.3678N,11624.4994E
254,3956.3673N,11624.498E
253,3956.3672N,11624.4969E
252,3956.367N,11624.4955E
251,3956.3667N,11624.4938E
250,3956.3665N,11624.4919E
249,3956.3661N,11624.49E
248,3956.3657N,11624.488E
247,3956.3654N,11624.486E
246,3956.3651N,11624.4842E
246,3956.3645N,11624.4818E
245,3956.3637N,11624.4793E
244,3956.363N,11624.4766E
243,3956.3623N,11624.4739E
243,3956.3624N,11624.4722E
244,3956.3623N,11624.4705E
244,3956.362N,11624.4686E
244,3956.3616N,11624.4667E
245,3956.3616N,11624.4653E
246,3956.3618N,11624.4641E
247,3956.3622N,11624.4631E
248,3956.3625N,11624.4621E
249,3956.363N,11624.4613E
250,3956.3636N,11624.4607E
250,3956.3643N,11624.4599E
250,3956.3652N,11624.4592E
251,3956.3664N,11624.4587E
251,3956.3676N,11624.4582E
251,3956.3688N,11624.4572E
251,3956.3696N,11624.4555E
251,3956.3703N,11624.4536E
251,3956.3711N,11624.4517E
251,3956.3719N,11624.4499E
250,3956.3728N,11624.448E
249,3956.3736N,11624.4459E
248,3956.3741N,11624.4435E
247,3956.3745N,11624.441E
247,3956.3746N,11624.4386E
246,3956.3745N,11624.4361E
245,3956.3745N,11624.4336E
245,3956.3744N,11624.431E
243,3956.3742N,11624.4285E
242,3956.3737N,11624.426E
241,3956.3733N,11624.4237E
240,3956.3731N,11624.4216E
240,3956.373N,11624.4193E
240,3956.3728N,11624.4171E
239,3956.3724N,11624.415E
239,3956.3719N,11624.4129E
239,3956.3716N,11624.4108E
239,3956.3713N,11624.4087E
240,3956.3711N,11624.4065E
242,3956.3711N,11624.4042E
243,3956.3709N,11624.402E
243,3956.3707N,11624.3996E
247,3956.3706N,11624.3971E
249,3956.3706N,11624.3946E
248,3956.3708N,11624.3922E
247,3956.371N,11624.3898E
246,3956.3712N,11624.3873E
247,3956.3712N,11624.3847E
248,3956.3713N,11624.3821E
248,3956.371N,11624.3798E
247,3956.3708N,11624.3773E
244,3956.371N,11624.3745E
240,3956.3709N,11624.3719E
244,3956.371N,11624.3693E
242,3956.3713N,11624.3669E
241,3956.3714N,11624.3646E
240,3956.3715N,11624.3624E
238,3956.3712N,11624.3603E
239,3956.3711N,11624.3582E
240,3956.371N,11624.356E
241,3956.3708N,11624.3539E
240,3956.3706N,11624.352E
241,3956.3704N,11624.3502E
240,3956.3698N,11624.3485E
242,3956.3696N,11624.3467E
243,3956.3692N,11624.3449E
244,3956.3691N,11624.3429E
245,3956.3692N,11624.3409E
245,3956.3694N,11624.3388E
245,3956.3697N,11624.3366E
246,3956.3696N,11624.3345E
246,3956.3697N,11624.3322E
246,3956.3696N,11624.33E
248,3956.3692N,11624.328E
251,3956.3691N,11624.3258E
252,3956.369N,11624.3236E
254,3956.3691N,11624.3212E
254,3956.3692N,11624.3188E
255,3956.3694N,11624.3163E
256,3956.3694N,11624.3139E
257,3956.3696N,11624.3113E
258,3956.3695N,11624.3089E
258,3956.3695N,11624.3063E
258,3956.3691N,11624.3038E
257,3956.3689N,11624.3015E
257,3956.3689N,11624.2992E
258,3956.3692N,11624.2969E
257,3956.3694N,11624.2945E
256,3956.3695N,11624.292E
255,3956.3695N,11624.2897E
253,3956.3696N,11624.2875E
252,3956.3697N,11624.2855E
251,3956.3699N,11624.2836E
249,3956.3703N,11624.2816E
250,3956.3704N,11624.2795E
248,3956.3704N,11624.2774E
247,3956.3703N,11624.2752E
248,3956.3703N,11624.2729E
248,3956.3703N,11624.2706E
248,3956.3704N,11624.2683E
250,3956.3704N,11624.2661E
249,3956.3704N,11624.2638E
250,3956.3705N,11624.2615E
253,3956.3706N,11624.2592E
254,3956.3706N,11624.2569E
254,3956.3708N,11624.2545E
255,3956.3708N,11624.2522E
256,3956.3709N,11624.2499E
254,3956.3711N,11624.2475E
252,3956.3713N,11624.245E
251,3956.3715N,11624.2425E
250,3956.3717N,11624.2401E
248,3956.3717N,11624.2378E
249,3956.3715N,11624.2356E
252,3956.3713N,11624.2335E
253,3956.3712N,11624.2315E
249,3956.3711N,11624.2296E
250,3956.3711N,11624.2276E
251,3956.371N,11624.2257E
252,3956.3707N,11624.2238E
251,3956.3703N,11624.2219E
249,3956.3701N,11624.2201E
249,3956.3699N,11624.2183E
247,3956.3698N,11624.2164E
247,3956.3698N,11624.2145E
248,3956.3699N,11624.2125E
249,3956.3701N,11624.2105E
247,3956.3701N,11624.2085E
247,3956.3702N,11624.2064E
247,3956.3703N,11624.2043E
247,3956.3703N,11624.2022E
247,3956.3704N,11624.2001E
249,3956.3705N,11624.1981E
251,3956.3705N,11624.1963E
253,3956.3706N,11624.1946E
255,3956.3706N,11624.193E
257,3956.3706N,11624.1913E
259,3956.3707N,11624.1895E
260,3956.3707N,11624.1875E
261,3956.3706N,11624.1857E
262,3956.3705N,11624.1838E
262,3956.3704N,11624.1818E
261,3956.3707N,11624.1798E
261,3956.3709N,11624.1778E
261,3956.3709N,11624.1757E
261,3956.371N,11624.1736E
262,3956.371N,11624.1715E
262,3956.3713N,11624.1695E
263,3956.3714N,11624.1676E
262,3956.3715N,11624.1658E
262,3956.3716N,11624.1641E
262,3956.3717N,11624.1624E
262,3956.3718N,11624.1608E
261,3956.3718N,11624.1593E
261,3956.3718N,11624.1578E
262,3956.3718N,11624.1565E
262,3956.3718N,11624.1554E
261,3956.372N,11624.1545E
261,3956.3722N,11624.1541E
261,3956.3723N,11624.154E
261,3956.3723N,11624.154E
260,3956.3722N,11624.154E
260,3956.3723N,11624.1538E
260,3956.3723N,11624.1538E
259,3956.3723N,11624.1538E
259,3956.3723N,11624.1538E
258,3956.3723N,11624.1538E
258,3956.3723N,11624.1538E
257,3956.3724N,11624.1538E
257,3956.3724N,11624.1538E
256,3956.3725N,11624.1538E
256,3956.3725N,11624.1538E
255,3956.3727N,11624.1537E
255,3956.3728N,11624.1536E
254,3956.3727N,11624.1537E
254,3956.3725N,11624.1538E
254,3956.3724N,11624.1539E
253,3956.3724N,11624.154E
253,3956.3722N,11624.1541E
253,3956.3721N,11624.1542E
252,3956.3719N,11624.1543E
252,3956.3718N,11624.1544E
252,3956.3717N,11624.1545E
252,3956.3717N,11624.1546E
252,3956.3716N,11624.1547E
251,3956.3716N,11624.1548E
251,3956.3715N,11624.1549E
251,3956.3715N,11624.1549E
251,3956.3713N,11624.155E
251,3956.3712N,11624.1551E
250,3956.3711N,11624.1552E
250,3956.371N,11624.1553E
250,3956.3709N,11624.1554E
250,3956.3709N,11624.1554E
250,3956.3709N,11624.1555E
250,3956.3708N,11624.1556E
249,3956.3706N,11624.1557E
249,3956.3704N,11624.1558E
249,3956.3701N,11624.1559E
249,3956.37N,11624.156E
249,3956.3698N,11624.1561E
249,3956.3696N,11624.1562E
248,3956.3695N,11624.1563E
248,3956.3694N,11624.1564E
248,3956.3693N,11624.1564E
248,3956.3693N,11624.1565E
249,3956.3691N,11624.1566E
250,3956.3691N,11624.1566E
251,3956.369N,11624.1567E
251,3956.3689N,11624.1567E
257,3956.3688N,11624.1567E
262,3956.3686N,11624.1568E
262,3956.3686N,11624.1568E
262,3956.3685N,11624.1568E
261,3956.3685N,11624.1568E
261,3956.3685N,11624.1568E
260,3956.3686N,11624.1567E
262,3956.3686N,11624.1568E
262,3956.3686N,11624.1568E
263,3956.3686N,11624.1568E
263,3956.3685N,11624.1568E
264,3956.3684N,11624.1568E
265,3956.3685N,11624.1566E
266,3956.3687N,11624.1565E
269,3956.3688N,11624.1564E
272,3956.3691N,11624.1562E
274,3956.3691N,11624.1562E
276,3956.3688N,11624.1564E
277,3956.3688N,11624.1564E
278,3956.369N,11624.1563E
278,3956.3692N,11624.1562E
277,3956.3694N,11624.156E
276,3956.3698N,11624.1558E
275,3956.3703N,11624.1555E
274,3956.3707N,11624.1552E
274,3956.371N,11624.155E
274,3956.371N,11624.155E
274,3956.371N,11624.1549E
273,3956.3706N,11624.1552E
272,3956.3702N,11624.1555E
272,3956.3698N,11624.1556E
271,3956.3695N,11624.1558E
271,3956.3695N,11624.1557E
270,3956.369N,11624.156E
270,3956.369N,11624.1559E
270,3956.369N,11624.1559E
269,3956.369N,11624.1558E
269,3956.3692N,11624.1556E
268,3956.3694N,11624.1555E
268,3956.3692N,11624.1555E
267,3956.3691N,11624.1555E
267,3956.3691N,11624.1555E
266,3956.3693N,11624.1554E
266,3956.3694N,11624.1554E
266,3956.3694N,11624.1554E
266,3956.3693N,11624.1555E
266,3956.3691N,11624.1558E
266,3956.369N,11624.1559E
266,3956.3691N,11624.1559E
267,3956.369N,11624.1558E
268,3956.3688N,11624.1559E
267,3956.3687N,11624.1559E
267,3956.3691N,11624.1556E
266,3956.3691N,11624.1554E
266,3956.3693N,11624.1551E
266,3956.3695N,11624.1549E
266,3956.3697N,11624.1546E
266,3956.3698N,11624.1539E
266,3956.3701N,11624.1531E
266,3956.3702N,11624.1524E
266,3956.3704N,11624.1518E
265,3956.3707N,11624.1513E
265,3956.3709N,11624.151E
265,3956.3709N,11624.1509E
265,3956.3709N,11624.1507E
265,3956.3713N,11624.1505E
265,3956.3714N,11624.1503E
264,3956.3715N,11624.1502E
264,3956.3719N,11624.1499E
263,3956.3721N,11624.1498E
263,3956.3722N,11624.1497E
263,3956.3723N,11624.1498E
263,3956.3722N,11624.1498E
262,3956.3722N,11624.1499E
262,3956.3721N,11624.1501E
262,3956.3721N,11624.1502E
262,3956.372N,11624.1502E
262,3956.3723N,11624.15E
261,3956.3725N,11624.1499E
261,3956.3725N,11624.1498E
262,3956.3724N,11624.1498E
262,3956.3721N,11624.15E
262,3956.3715N,11624.1504E
262,3956.371N,11624.1507E
262,3956.3706N,11624.1508E
262,3956.3704N,11624.1509E
262,3956.3701N,11624.151E
262,3956.3698N,11624.151E
262,3956.3695N,11624.1511E
262,3956.3692N,11624.1512E
262,3956.3689N,11624.1514E
261,3956.3686N,11624.1516E
260,3956.3683N,11624.1518E
260,3956.368N,11624.152E
259,3956.3679N,11624.1521E
259,3956.3678N,11624.1522E
258,3956.3676N,11624.1523E
257,3956.3676N,11624.1523E
257,3956.3675N,11624.1524E
256,3956.3674N,11624.1524E
256,3956.3672N,11624.1526E
255,3956.3675N,11624.1523E
255,3956.368N,11624.1517E
254,3956.3683N,11624.151E
253,3956.3684N,11624.1505E
253,3956.3686N,11624.15E
252,3956.3687N,11624.1494E
252,3956.3687N,11624.149E
252,3956.3688N,11624.1486E
252,3956.369N,11624.1484E
251,3956.3691N,11624.1483E
251,3956.3692N,11624.1482E
251,3956.3691N,11624.1483E
251,3956.3691N,11624.1483E
251,3956.3693N,11624.1481E
250,3956.3697N,11624.1477E
250,3956.3699N,11624.1476E
250,3956.3702N,11624.1474E
250,3956.3705N,11624.1472E
250,3956.371N,11624.1469E
249,3956.3712N,11624.1467E
249,3956.371N,11624.1468E
249,3956.3709N,11624.1464E
249,3956.3711N,11624.1454E
249,3956.3714N,11624.1447E
248,3956.3715N,11624.1441E
248,3956.3714N,11624.1435E
248,3956.3714N,11624.1427E
248,3956.3714N,11624.1417E
248,3956.371N,11624.141E
248,3956.3705N,11624.1402E
247,3956.3702N,11624.1392E
246,3956.3697N,11624.1383E
245,3956.3693N,11624.1372E
245,3956.3689N,11624.1362E
244,3956.3684N,11624.1352E
245,3956.3679N,11624.1342E
244,3956.3676N,11624.1332E
244,3956.3671N,11624.1321E
244,3956.3667N,11624.1312E
245,3956.3665N,11624.13E
246,3956.3663N,11624.1289E
247,3956.3662N,11624.1276E
245,3956.3661N,11624.1263E
243,3956.3664N,11624.1251E
241,3956.3667N,11624.1237E
240,3956.3666N,11624.1222E
239,3956.3664N,11624.1206E
239,3956.3663N,11624.1188E
240,3956.3665N,11624.1166E
240,3956.3666N,11624.1147E
240,3956.3666N,11624.1128E
240,3956.3669N,11624.1107E
240,3956.367N,11624.1085E
242,3956.367N,11624.1066E
244,3956.367N,11624.1046E
244,3956.3669N,11624.1026E
245,3956.3667N,11624.1006E
245,3956.3667N,11624.0985E
246,3956.3667N,11624.0964E
248,3956.3668N,11624.0942E
249,3956.367N,11624.0919E
249,3956.3672N,11624.0896E
250,3956.3678N,11624.0871E
251,3956.3679N,11624.0848E
251,3956.3683N,11624.0823E
252,3956.3684N,11624.0801E
252,3956.3682N,11624.0779E
252,3956.368N,11624.0759E
253,3956.3678N,11624.074E
253,3956.3675N,11624.072E
254,3956.3675N,11624.0697E
256,3956.3675N,11624.0675E
257,3956.3673N,11624.0658E
258,3956.3672N,11624.0641E
258,3956.367N,11624.0626E
258,3956.367N,11624.0609E
257,3956.367N,11624.059E
256,3956.367N,11624.0569E
256,3956.3671N,11624.0546E
256,3956.367N,11624.0525E
255,3956.3664N,11624.0506E
253,3956.3661N,11624.0486E
253,3956.3657N,11624.0467E
252,3956.3653N,11624.0448E
251,3956.3651N,11624.0427E
251,3956.3649N,11624.0406E
251,3956.3649N,11624.0382E
252,3956.3651N,11624.0357E
254,3956.3651N,11624.0337E
256,3956.3654N,11624.0319E
257,3956.3653N,11624.0305E
258,3956.365N,11624.0295E
258,3956.3647N,11624.0284E
258,3956.3646N,11624.0272E
259,3956.3647N,11624.0259E
259,3956.3644N,11624.0243E
259,3956.3644N,11624.0226E
259,3956.3641N,11624.0208E
260,3956.3637N,11624.0187E
258,3956.3636N,11624.0168E
257,3956.3635N,11624.0146E
258,3956.3636N,11624.0125E
257,3956.3635N,11624.0104E
258,3956.3638N,11624.0078E
258,3956.3635N,11624.0056E
259,3956.3635N,11624.0033E
260,3956.3634N,11624.001E
260,3956.3636N,11623.9985E
261,3956.3635N,11623.9962E
261,3956.3633N,11623.9939E
262,3956.3633N,11623.9918E
262,3956.3634N,11623.9896E
262,3956.3638N,11623.9874E
262,3956.3636N,11623.9856E
262,3956.3636N,11623.9838E
262,3956.3637N,11623.9819E
261,3956.3639N,11623.9799E
259,3956.3641N,11623.9777E
259,3956.3642N,11623.9755E
258,3956.3641N,11623.9734E
257,3956.3643N,11623.9712E
256,3956.3641N,11623.9692E
256,3956.3639N,11623.9671E
257,3956.3637N,11623.9651E
257,3956.3639N,11623.9632E
258,3956.3641N,11623.9612E
258,3956.3642N,11623.9595E
259,3956.3643N,11623.9577E
260,3956.3645N,11623.956E
260,3956.3643N,11623.9545E
261,3956.3639N,11623.9531E
263,3956.3638N,11623.9516E
265,3956.3639N,11623.95E
268,3956.364N,11623.9486E
269,3956.3642N,11623.9473E
270,3956.3646N,11623.9459E
270,3956.3651N,11623.9445E
270,3956.3655N,11623.9436E
270,3956.3658N,11623.9432E
270,3956.3661N,11623.9429E
269,3956.3664N,11623.9425E
269,3956.3666N,11623.9423E
268,3956.3669N,11623.942E
268,3956.3673N,11623.9418E
268,3956.3676N,11623.9415E
269,3956.3677N,11623.9412E
269,3956.3678N,11623.9409E
269,3956.3679N,11623.9407E
268,3956.368N,11623.9408E
268,3956.3682N,11623.9408E
269,3956.3684N,11623.9406E
269,3956.3686N,11623.9404E
270,3956.3687N,11623.94E
270,3956.3688N,11623.9398E
270,3956.3689N,11623.9396E
270,3956.369N,11623.9393E
270,3956.3692N,11623.9392E
269,3956.3693N,11623.9391E
269,3956.3693N,11623.9392E
269,3956.3694N,11623.9391E
269,3956.3695N,11623.939E
269,3956.3696N,11623.9389E
269,3956.3696N,11623.9389E
269,3956.3696N,11623.9389E
268,3956.3696N,11623.9388E
268,3956.3697N,11623.9386E
268,3956.3697N,11623.9384E
267,3956.3698N,11623.9381E
267,3956.37N,11623.938E
266,3956.3701N,11623.9379E
266,3956.3701N,11623.9379E
266,3956.3702N,11623.9379E
265,3956.3704N,11623.9378E
265,3956.3704N,11623.9377E
264,3956.3704N,11623.9376E
264,3956.3704N,11623.9374E
264,3956.3705N,11623.9374E
264,3956.3705N,11623.9372E
263,3956.3706N,11623.9372E
263,3956.3706N,11623.9373E
263,3956.3707N,11623.9375E
262,3956.3708N,11623.9377E
261,3956.3709N,11623.9378E
261,3956.3709N,11623.9379E
261,3956.3709N,11623.938E
261,3956.3709N,11623.9379E
260,3956.3709N,11623.9378E
260,3956.3709N,11623.9379E
259,3956.3708N,11623.9381E
259,3956.3708N,11623.9384E
259,3956.3709N,11623.9385E
258,3956.371N,11623.9387E
258,3956.371N,11623.9389E
258,3956.371N,11623.9391E
257,3956.371N,11623.9393E
257,3956.371N,11623.9392E
257,3956.3709N,11623.9391E
257,3956.3708N,11623.939E
256,3956.3707N,11623.9389E
256,3956.3706N,11623.9389E
256,3956.3705N,11623.9389E
256,3956.3704N,11623.9389E
256,3956.3703N,11623.9389E
256,3956.3703N,11623.939E
255,3956.3702N,11623.939E
255,3956.3701N,11623.939E
255,3956.3701N,11623.939E
255,3956.37N,11623.9389E
255,3956.3699N,11623.9387E
255,3956.3698N,11623.9387E
255,3956.3698N,11623.9388E
254,3956.3699N,11623.9389E
254,3956.37N,11623.939E
254,3956.37N,11623.9391E
254,3956.37N,11623.9392E
253,3956.3701N,11623.9393E
253,3956.3701N,11623.9394E
253,3956.3702N,11623.9394E
253,3956.3703N,11623.9395E
253,3956.3703N,11623.9395E
253,3956.3704N,11623.9395E
252,3956.3705N,11623.9396E
252,3956.3705N,11623.9396E
252,3956.3706N,11623.9396E
252,3956.3707N,11623.9396E
252,3956.3706N,11623.9396E
252,3956.3706N,11623.9397E
252,3956.3706N,11623.9398E
252,3956.3706N,11623.9398E
252,3956.3706N,11623.9399E
252,3956.3707N,11623.94E
252,3956.3708N,11623.94E
251,3956.3708N,11623.94E
251,3956.3708N,11623.94E
251,3956.3708N,11623.94E
251,3956.3709N,11623.94E
251,3956.3709N,11623.9399E
251,3956.3709N,11623.9398E
251,3956.3709N,11623.9397E
251,3956.3709N,11623.9397E
251,3956.371N,11623.9398E
251,3956.371N,11623.9399E
251,3956.371N,11623.9399E
251,3956.3709N,11623.9399E
251,3956.3709N,11623.9399E
251,3956.3709N,11623.9398E
250,3956.3709N,11623.9398E
250,3956.3708N,11623.9397E
250,3956.3707N,11623.9397E
252,3956.3707N,11623.9395E
253,3956.3706N,11623.9394E
254,3956.3706N,11623.9393E
255,3956.3705N,11623.9392E
256,3956.3705N,11623.9391E
258,3956.3704N,11623.9389E
258,3956.3704N,11623.9387E
259,3956.3703N,11623.9385E
258,3956.3702N,11623.9384E
257,3956.3702N,11623.9383E
257,3956.3701N,11623.9382E
258,3956.3701N,11623.9382E
258,3956.3701N,11623.9381E
257,3956.3701N,11623.9381E
258,3956.3701N,11623.9381E
258,3956.3701N,11623.938E
259,3956.37N,11623.9379E
260,3956.37N,11623.9378E
260,3956.37N,11623.9378E
260,3956.37N,11623.9378E
260,3956.37N,11623.9378E
261,3956.37N,11623.9378E
261,3956.37N,11623.9378E
261,3956.37N,11623.9378E
261,3956.37N,11623.9379E
261,3956.37N,11623.9378E
261,3956.37N,11623.9378E
260,3956.3699N,11623.9377E
259,3956.3699N,11623.9377E
259,3956.3699N,11623.9376E
259,3956.3698N,11623.9373E
258,3956.3698N,11623.9371E
258,3956.3697N,11623.937E
257,3956.3697N,11623.9369E
257,3956.3697N,11623.9367E
256,3956.3697N,11623.9365E
256,3956.3697N,11623.9364E
256,3956.3697N,11623.9364E
255,3956.3697N,11623.9364E
255,3956.3697N,11623.9365E
255,3956.3696N,11623.9365E
255,3956.3696N,11623.9366E
254,3956.3695N,11623.9367E
254,3956.3695N,11623.9367E
254,3956.3695N,11623.9367E
254,3956.3695N,11623.9366E
253,3956.3694N,11623.9364E
253,3956.3694N,11623.9363E
253,3956.3693N,11623.9362E
252,3956.3692N,11623.9361E
252,3956.3691N,11623.936E
252,3956.369N,11623.9359E
252,3956.3689N,11623.9358E
252,3956.3688N,11623.9356E
251,3956.3687N,11623.9355E
251,3956.3688N,11623.9353E
251,3956.3688N,11623.9354E
250,3956.3688N,11623.9355E
250,3956.3689N,11623.9355E
250,3956.369N,11623.9355E
250,3956.369N,11623.9355E
250,3956.369N,11623.9355E
249,3956.369N,11623.9355E
249,3956.3691N,11623.9355E
249,3956.3691N,11623.9354E
249,3956.3692N,11623.9353E
248,3956.3692N,11623.9353E
248,3956.3692N,11623.9353E
248,3956.3692N,11623.9352E
247,3956.3693N,11623.9349E
247,3956.3693N,11623.9349E
247,3956.3695N,11623.935E
246,3956.3696N,11623.9352E
246,3956.3698N,11623.9353E
246,3956.3699N,11623.9355E
246,3956.37N,11623.9356E
245,3956.3702N,11623.9356E
245,3956.3703N,11623.9356E
245,3956.3703N,11623.9356E
245,3956.3704N,11623.9357E
244,3956.3704N,11623.9357E
244,3956.3705N,11623.9358E
244,3956.3705N,11623.9358E
243,3956.3706N,11623.9357E
243,3956.3706N,11623.9358E
243,3956.3707N,11623.9359E
243,3956.3707N,11623.9358E
243,3956.3706N,11623.9358E
242,3956.3705N,11623.9357E
242,3956.3703N,11623.9354E
241,3956.3698N,11623.9355E
240,3956.3695N,11623.9358E
240,3956.3691N,11623.9362E
240,3956.3686N,11623.9364E
239,3956.3681N,11623.9366E
239,3956.3678N,11623.9367E
242,3956.3674N,11623.9369E
248,3956.3672N,11623.9371E
247,3956.3666N,11623.9372E
247,3956.3662N,11623.9372E
246,3956.3654N,11623.9373E
245,3956.3649N,11623.9375E
244,3956.3643N,11623.9375E
244,3956.3638N,11623.9376E
243,3956.3628N,11623.9377E
243,3956.3619N,11623.9377E
242,3956.3613N,11623.9377E
242,3956.3609N,11623.938E
242,3956.3603N,11623.9381E
241,3956.3599N,11623.9383E
241,3956.3591N,11623.9386E
241,3956.3582N,11623.9389E
240,3956.3576N,11623.939E
240,3956.357N,11623.9391E
240,3956.3565N,11623.9392E
240,3956.356N,11623.9392E
239,3956.3556N,11623.9392E
239,3956.3551N,11623.939E
239,3956.3548N,11623.9388E
239,3956.3546N,11623.9384E
239,3956.3544N,11623.9383E
239,3956.3543N,11623.9382E
239,3956.3541N,11623.9383E
238,3956.3538N,11623.9383E
238,3956.3535N,11623.9385E
238,3956.3528N,11623.9386E
238,3956.352N,11623.9385E
237,3956.351N,11623.9386E
237,3956.3506N,11623.9387E
237,3956.3507N,11623.9388E
237,3956.3507N,11623.939E
237,3956.3515N,11623.939E
236,3956.3514N,11623.939E
236,3956.3508N,11623.9392E
236,3956.3506N,11623.9393E
236,3956.3505N,11623.9395E
236,3956.3504N,11623.9394E
235,3956.3503N,11623.9395E
235,3956.3502N,11623.9395E
235,3956.3502N,11623.9395E
235,3956.3505N,11623.9395E
234,3956.3507N,11623.9394E
234,3956.3505N,11623.9391E
234,3956.3498N,11623.9389E
234,3956.3494N,11623.9386E
234,3956.3492N,11623.9383E
233,3956.3489N,11623.9383E
233,3956.3486N,11623.9384E
233,3956.3484N,11623.9386E
233,3956.3485N,11623.9386E
233,3956.3485N,11623.9385E
232,3956.3481N,11623.9387E
232,3956.3481N,11623.939E
232,3956.3484N,11623.9392E
232,3956.3478N,11623.9394E
232,3956.3472N,11623.9395E
231,3956.3473N,11623.9395E
231,3956.3472N,11623.9397E
230,3956.3467N,11623.9395E
230,3956.3459N,11623.9393E
229,3956.3451N,11623.9389E
229,3956.3444N,11623.9386E
229,3956.3436N,11623.9385E
229,3956.3428N,11623.9386E
228,3956.3423N,11623.9388E
228,3956.3415N,11623.9387E
227,3956.3408N,11623.9384E
227,3956.3399N,11623.938E
227,3956.3391N,11623.9376E
227,3956.3381N,11623.9373E
227,3956.3369N,11623.9371E
226,3956.336N,11623.9372E
226,3956.3349N,11623.9372E
227,3956.3339N,11623.9369E
227,3956.3333N,11623.9368E
227,3956.3323N,11623.9367E
227,3956.3313N,11623.9362E
228,3956.3306N,11623.9364E
228,3956.3298N,11623.937E
229,3956.3292N,11623.938E
229,3956.329N,11623.9392E
229,3956.3291N,11623.9404E
229,3956.3292N,11623.9417E
229,3956.329N,11623.9428E
229,3956.3288N,11623.9438E
229,3956.3286N,11623.9446E
229,3956.3285N,11623.9456E
229,3956.328N,11623.9467E
228,3956.3269N,11623.9473E
228,3956.3259N,11623.9478E
228,3956.325N,11623.948E
227,3956.324N,11623.9482E
227,3956.3231N,11623.9482E
227,3956.3221N,11623.9484E
228,3956.3211N,11623.9487E
228,3956.3202N,11623.949E
229,3956.3193N,11623.9494E
229,3956.3183N,11623.9499E
228,3956.3173N,11623.9504E
228,3956.3166N,11623.9512E
228,3956.316N,11623.9523E
227,3956.3156N,11623.9532E
228,3956.3155N,11623.9543E
228,3956.3152N,11623.9553E
227,3956.3151N,11623.9564E
227,3956.3152N,11623.9579E
227,3956.3152N,11623.9596E
226,3956.3153N,11623.9615E
226,3956.3156N,11623.9638E
225,3956.3158N,11623.9661E
225,3956.3158N,11623.9683E
225,3956.3159N,11623.9706E
224,3956.3159N,11623.9728E
223,3956.3158N,11623.9749E
221,3956.3157N,11623.9769E
220,3956.3156N,11623.979E
220,3956.3155N,11623.9811E
220,3956.3153N,11623.9831E
220,3956.3153N,11623.9854E
219,3956.3149N,11623.9873E
220,3956.3142N,11623.9889E
220,3956.3129N,11623.9898E
221,3956.3113N,11623.9902E
220,3956.3099N,11623.9906E
219,3956.3083N,11623.9909E
218,3956.3066N,11623.991E
218,3956.305N,11623.991E
218,3956.3037N,11623.9912E
218,3956.3022N,11623.9912E
219,3956.3008N,11623.9915E
220,3956.2993N,11623.9917E
220,3956.2978N,11623.9919E
220,3956.2962N,11623.9923E
220,3956.2948N,11623.9927E
221,3956.2934N,11623.9932E
221,3956.2918N,11623.9935E
220,3956.2903N,11623.9938E
220,3956.2888N,11623.9939E
219,3956.2873N,11623.9941E
219,3956.2858N,11623.9942E
220,3956.2843N,11623.9945E
220,3956.2826N,11623.995E
221,3956.2808N,11623.9954E
222,3956.2789N,11623.9951E
221,3956.2772N,11623.995E
219,3956.2756N,11623.995E
220,3956.274N,11623.9949E
224,3956.2723N,11623.9948E
228,3956.2708N,11623.9944E
232,3956.2694N,11623.9933E
235,3956.2686N,11623.9915E
236,3956.2682N,11623.9897E
238,3956.2679N,11623.9879E
239,3956.2676N,11623.9862E
240,3956.2672N,11623.9847E
240,3956.2669N,11623.9833E
241,3956.2667N,11623.9818E
241,3956.2663N,11623.9808E
241,3956.2659N,11623.9795E
241,3956.2657N,11623.9783E
241,3956.2654N,11623.9771E
241,3956.2651N,11623.9758E
240,3956.265N,11623.9743E
240,3956.2653N,11623.9724E
239,3956.2661N,11623.971E
239,3956.2672N,11623.97E
238,3956.2683N,11623.9694E
237,3956.2694N,11623.9687E
236,3956.27N,11623.9686E
235,3956.2702N,11623.9687E
235,3956.2704N,11623.9687E
234,3956.2715N,11623.9682E
234,3956.2731N,11623.9678E
234,3956.2749N,11623.9673E
233,3956.2762N,11623.9667E
234,3956.2772N,11623.9659E
235,3956.2783N,11623.9649E
235,3956.279N,11623.9643E
233,3956.28N,11623.9644E
233,3956.2816N,11623.9643E
233,3956.2835N,11623.9644E
233,3956.2852N,11623.9643E
232,3956.2869N,11623.964E
232,3956.2886N,11623.9639E
232,3956.2902N,11623.9637E
233,3956.2915N,11623.9635E
234,3956.2927N,11623.9626E
234,3956.2934N,11623.9615E
235,3956.2941N,11623.9602E
235,3956.2948N,11623.9589E
235,3956.296N,11623.9582E
235,3956.2961N,11623.9597E
235,3956.297N,11623.9623E
234,3956.2979N,11623.9642E
234,3956.2986N,11623.9657E
235,3956.2991N,11623.9672E
236,3956.2998N,11623.9697E
237,3956.3002N,11623.9722E
237,3956.3011N,11623.9737E
237,3956.3014N,11623.9748E
237,3956.3014N,11623.9757E
238,3956.3014N,11623.9763E
238,3956.3022N,11623.9764E
238,3956.3035N,11623.977E
238,3956.3054N,11623.9778E
238,3956.307N,11623.9793E
238,3956.3086N,11623.981E
238,3956.3096N,11623.9824E
238,3956.3113N,11623.9835E
238,3956.3129N,11623.9845E
238,3956.3145N,11623.9855E
238,3956.3161N,11623.9865E
237,3956.3177N,11623.9875E
237,3956.3193N,11623.9886E
237,3956.3209N,11623.9896E
237,3956.3225N,11623.9906E
237,3956.3241N,11623.9916E
237,3956.3258N,11623.9926E
237,3956.3274N,11623.9936E
236,3956.329N,11623.9947E
236,3956.3306N,11623.9957E
236,3956.3322N,11623.9967E
217,3956.3072N,11623.9783E
217,3956.3095N,11623.9834E
217,3956.3081N,11623.9833E
217,3956.3077N,11623.9795E
216,3956.3077N,11623.9792E
216,3956.3072N,11623.9812E
216,3956.3075N,11623.9814E
216,3956.3072N,11623.9815E
216,3956.3068N,11623.981E
216,3956.3061N,11623.9811E
216,3956.306N,11623.9808E
216,3956.3065N,11623.9804E
216,3956.3073N,11623.9797E
216,3956.3073N,11623.9797E
216,3956.3076N,11623.9782E
216,3956.3078N,11623.9769E
215,3956.3073N,11623.9759E
216,3956.3069N,11623.9752E
216,3956.3064N,11623.9749E
216,3956.3057N,11623.9745E
216,3956.3054N,11623.974E
216,3956.3051N,11623.9734E
216,3956.3047N,11623.9729E
216,3956.3045N,11623.9725E
216,3956.3047N,11623.9722E
216,3956.305N,11623.9721E
216,3956.3055N,11623.972E
216,3956.3058N,11623.9718E
217,3956.3063N,11623.9715E
216,3956.3071N,11623.9713E
216,3956.308N,11623.971E
217,3956.3088N,11623.9705E
216,3956.3095N,11623.9696E
216,3956.3103N,11623.9683E
216,3956.3113N,11623.9667E
216,3956.3123N,11623.9651E
216,3956.3134N,11623.9635E
216,3956.3144N,11623.9619E
217,3956.3147N,11623.9649E
216,3956.3144N,11623.9647E
216,3956.3123N,11623.9652E
216,3956.3087N,11623.9659E
216,3956.3064N,11623.9668E
216,3956.3044N,11623.9674E
216,3956.3032N,11623.9681E
216,3956.3017N,11623.9687E
216,3956.3N,11623.9688E
216,3956.2986N,11623.9685E
216,3956.2976N,11623.9687E
216,3956.2968N,11623.9687E
216,3956.2961N,11623.9685E
216,3956.2952N,11623.9685E
216,3956.2944N,11623.9682E
216,3956.2935N,11623.968E
216,3956.2928N,11623.9679E
216,3956.292N,11623.9679E
216,3956.2912N,11623.9678E
216,3956.2905N,11623.9678E
216,3956.2898N,11623.9679E
216,3956.2891N,11623.9678E
216,3956.2887N,11623.9681E
216,3956.2885N,11623.9683E
216,3956.2884N,11623.9684E
216,3956.2874N,11623.9682E
216,3956.2863N,11623.9678E
216,3956.2854N,11623.9672E
215,3956.2849N,11623.9669E
215,3956.2847N,11623.9667E
214,3956.2842N,11623.9671E
215,3956.2837N,11623.9673E
215,3956.2832N,11623.9677E
215,3956.2826N,11623.9678E
215,3956.282N,11623.9678E
215,3956.2813N,11623.968E
215,3956.2806N,11623.9684E
216,3956.28N,11623.9687E
216,3956.2796N,11623.9689E
216,3956.2792N,11623.9691E
216,3956.2789N,11623.9691E
216,3956.2781N,11623.9692E
216,3956.277N,11623.9695E
216,3956.2762N,11623.9698E
216,3956.2759N,11623.9702E
216,3956.2753N,11623.9707E
216,3956.2748N,11623.971E
216,3956.2742N,11623.971E
216,3956.2735N,11623.9708E
216,3956.2727N,11623.9707E
216,3956.272N,11623.9707E
216,3956.2712N,11623.9707E
216,3956.2704N,11623.9705E
216,3956.2698N,11623.9704E
216,3956.2691N,11623.9699E
216,3956.2685N,11623.9695E
216,3956.268N,11623.9691E
216,3956.2677N,11623.9687E
216,3956.2674N,11623.9682E
216,3956.2672N,11623.9675E
216,3956.267N,11623.9668E
216,3956.2668N,11623.9663E
216,3956.2666N,11623.9658E
216,3956.2664N,11623.9652E
216,3956.2662N,11623.9647E
216,3956.266N,11623.9643E
216,3956.2659N,11623.9638E
216,3956.2658N,11623.9633E
216,3956.2657N,11623.9627E
216,3956.2656N,11623.9621E
216,3956.2656N,11623.9614E
216,3956.2655N,11623.9608E
216,3956.2655N,11623.9603E
216,3956.2654N,11623.9597E
216,3956.2655N,11623.9591E
216,3956.2654N,11623.9584E
216,3956.2654N,11623.9577E
216,3956.2654N,11623.9569E
216,3956.2654N,11623.9563E
216,3956.2653N,11623.9557E
216,3956.2653N,11623.9552E
216,3956.2654N,11623.9546E
216,3956.2654N,11623.954E
216,3956.2653N,11623.9534E
216,3956.2653N,11623.9528E
215,3956.2654N,11623.9518E
215,3956.2654N,11623.9507E
216,3956.2654N,11623.95E
216,3956.2654N,11623.9497E
216,3956.2653N,11623.9497E
216,3956.2653N,11623.9497E
216,3956.2653N,11623.9496E
216,3956.2652N,11623.949E
216,3956.2651N,11623.9483E
216,3956.265N,11623.9475E
216,3956.265N,11623.9466E
216,3956.2652N,11623.9457E
215,3956.2654N,11623.9443E
215,3956.2656N,11623.9428E
215,3956.2656N,11623.9414E
216,3956.2656N,11623.94E
215,3956.2656N,11623.9389E
215,3956.2654N,11623.9379E
215,3956.2652N,11623.9369E
215,3956.2651N,11623.9358E
215,3956.2649N,11623.9348E
215,3956.2649N,11623.9341E
215,3956.2647N,11623.9331E
215,3956.2645N,11623.9322E
216,3956.2644N,11623.9312E
216,3956.2643N,11623.9303E
216,3956.2643N,11623.9294E
216,3956.2643N,11623.9288E
216,3956.2643N,11623.928E
216,3956.2644N,11623.9272E
216,3956.2641N,11623.9264E
216,3956.2639N,11623.9255E
216,3956.2639N,11623.9247E
216,3956.264N,11623.9241E
216,3956.2642N,11623.9234E
216,3956.2642N,11623.9227E
216,3956.2642N,11623.9219E
216,3956.2642N,11623.9211E
216,3956.2641N,11623.92E
216,3956.264N,11623.9189E
216,3956.264N,11623.9179E
216,3956.264N,11623.9168E
216,3956.264N,11623.9157E
216,3956.264N,11623.9147E
216,3956.2641N,11623.9137E
216,3956.2642N,11623.9126E
216,3956.2642N,11623.9114E
216,3956.2641N,11623.9101E
216,3956.264N,11623.909E
216,3956.264N,11623.9078E
216,3956.2639N,11623.9064E
216,3956.2636N,11623.9048E
216,3956.2634N,11623.9031E
215,3956.2632N,11623.9014E
215,3956.2631N,11623.8996E
215,3956.263N,11623.8979E
216,3956.263N,11623.8961E
215,3956.263N,11623.8944E
215,3956.263N,11623.8927E
216,3956.263N,11623.8909E
215,3956.2631N,11623.8891E
215,3956.2629N,11623.8875E
216,3956.2627N,11623.8859E
216,3956.2625N,11623.8845E
216,3956.2622N,11623.8833E
216,3956.2619N,11623.8819E
216,3956.2619N,11623.8804E
216,3956.262N,11623.8789E
216,3956.262N,11623.8771E
216,3956.2619N,11623.8757E
216,3956.2617N,11623.8743E
216,3956.2616N,11623.8725E
216,3956.2615N,11623.8707E
216,3956.2615N,11623.869E
216,3956.2614N,11623.8671E
216,3956.2614N,11623.8653E
216,3956.2614N,11623.8635E
216,3956.2615N,11623.8621E
217,3956.2616N,11623.8606E
217,3956.2616N,11623.8593E
217,3956.2617N,11623.858E
217,3956.2618N,11623.857E
217,3956.2617N,11623.8559E
217,3956.2618N,11623.8545E
217,3956.2618N,11623.8529E
217,3956.2619N,11623.8515E
217,3956.2619N,11623.8499E
217,3956.262N,11623.8483E
217,3956.262N,11623.8466E
217,3956.2621N,11623.8448E
217,3956.262N,11623.843E
217,3956.262N,11623.8413E
217,3956.262N,11623.8394E
218,3956.262N,11623.8376E
218,3956.2619N,11623.8359E
218,3956.2619N,11623.8343E
218,3956.262N,11623.8329E
219,3956.2621N,11623.8314E
219,3956.2621N,11623.8301E
219,3956.2622N,11623.8287E
219,3956.2622N,11623.8274E
219,3956.2621N,11623.8261E
219,3956.262N,11623.825E
219,3956.262N,11623.824E
219,3956.262N,11623.8234E
220,3956.262N,11623.823E
220,3956.262N,11623.8226E
220,3956.2619N,11623.8219E
220,3956.2617N,11623.821E
220,3956.2615N,11623.8202E
220,3956.2614N,11623.8196E
220,3956.2612N,11623.8191E
220,3956.2612N,11623.8186E
220,3956.2613N,11623.8181E
220,3956.2613N,11623.8178E
221,3956.2611N,11623.8175E
221,3956.261N,11623.8173E
221,3956.261N,11623.8171E
221,3956.261N,11623.817E
221,3956.2612N,11623.817E
222,3956.2612N,11623.8171E
221,3956.2615N,11623.8173E
222,3956.2619N,11623.8175E
222,3956.2625N,11623.8174E
221,3956.263N,11623.8172E
221,3956.2636N,11623.8169E
221,3956.2639N,11623.8164E
221,3956.264N,11623.8158E
221,3956.264N,11623.8151E
221,3956.2641N,11623.8145E
221,3956.2642N,11623.8139E
221,3956.2643N,11623.8132E
221,3956.2643N,11623.8126E
221,3956.2642N,11623.8121E
221,3956.2642N,11623.8113E
221,3956.2642N,11623.8101E
220,3956.2643N,11623.8088E
220,3956.2643N,11623.8076E
221,3956.2644N,11623.8066E
221,3956.2643N,11623.8057E
221,3956.2643N,11623.8048E
221,3956.2643N,11623.804E
221,3956.2642N,11623.8029E
221,3956.2642N,11623.8018E
221,3956.2643N,11623.8005E
221,3956.2644N,11623.7995E
221,3956.2644N,11623.7984E
221,3956.2642N,11623.7975E
221,3956.264N,11623.7966E
221,3956.2639N,11623.7956E
220,3956.2638N,11623.7946E
220,3956.2637N,11623.7935E
220,3956.2636N,11623.7923E
220,3956.2638N,11623.7912E
220,3956.264N,11623.7898E
220,3956.264N,11623.7882E
220,3956.2638N,11623.7868E
220,3956.2639N,11623.7854E
220,3956.2641N,11623.7843E
220,3956.2643N,11623.7831E
220,3956.2643N,11623.7822E
220,3956.2643N,11623.7814E
220,3956.2641N,11623.7805E
220,3956.2638N,11623.7792E
220,3956.2635N,11623.7777E
220,3956.2634N,11623.7761E
219,3956.2633N,11623.7743E
219,3956.2633N,11623.7724E
219,3956.2632N,11623.7709E
220,3956.2631N,11623.769E
220,3956.2628N,11623.767E
220,3956.2625N,11623.765E
220,3956.2624N,11623.7628E
220,3956.2625N,11623.7609E
220,3956.2626N,11623.759E
220,3956.2627N,11623.7571E
220,3956.2628N,11623.7554E
220,3956.2629N,11623.7536E
220,3956.263N,11623.7518E
220,3956.2632N,11623.75E
220,3956.2633N,11623.7482E
220,3956.2632N,11623.7465E
220,3956.2629N,11623.745E
220,3956.2626N,11623.7439E
220,3956.2624N,11623.7427E
220,3956.2623N,11623.7419E
220,3956.2622N,11623.7418E
220,3956.262N,11623.7417E
220,3956.2619N,11623.7415E
220,3956.2618N,11623.741E
220,3956.2617N,11623.7402E
221,3956.2618N,11623.7392E
221,3956.2617N,11623.7382E
221,3956.2617N,11623.737E
221,3956.2616N,11623.7357E
221,3956.2616N,11623.7347E
221,3956.2616N,11623.7336E
220,3956.2616N,11623.7327E
221,3956.2617N,11623.7318E
220,3956.2617N,11623.7307E
220,3956.2616N,11623.7298E
220,3956.2615N,11623.7287E
220,3956.2612N,11623.7277E
220,3956.2611N,11623.7267E
220,3956.261N,11623.7256E
220,3956.2611N,11623.7244E
220,3956.2612N,11623.7231E
220,3956.2613N,11623.7218E
220,3956.2614N,11623.7206E
220,3956.2613N,11623.7194E
220,3956.2612N,11623.7179E
220,3956.2611N,11623.7165E
220,3956.2612N,11623.715E
219,3956.2612N,11623.7133E
220,3956.2613N,11623.7117E
220,3956.2614N,11623.7102E
220,3956.2613N,11623.7085E
220,3956.2612N,11623.707E
220,3956.2611N,11623.7054E
220,3956.2609N,11623.7037E
220,3956.2608N,11623.7021E
220,3956.2607N,11623.7005E
220,3956.2604N,11623.6989E
221,3956.26N,11623.6974E
220,3956.2599N,11623.6958E
220,3956.2599N,11623.6943E
220,3956.2598N,11623.6928E
220,3956.2597N,11623.6912E
220,3956.2599N,11623.6897E
220,3956.2599N,11623.6882E
220,3956.2601N,11623.6867E
220,3956.2601N,11623.6852E
220,3956.2602N,11623.6836E
220,3956.2599N,11623.682E
220,3956.2597N,11623.6802E
220,3956.2596N,11623.6782E
220,3956.2597N,11623.6762E
220,3956.2597N,11623.6744E
220,3956.2598N,11623.6727E
220,3956.26N,11623.6707E
220,3956.2601N,11623.6688E
220,3956.2601N,11623.6666E
220,3956.26N,11623.6646E
219,3956.2599N,11623.6627E
219,3956.2598N,11623.6605E
220,3956.2598N,11623.6584E
220,3956.2597N,11623.6563E
220,3956.2594N,11623.6542E
220,3956.2594N,11623.6524E
220,3956.2595N,11623.6507E
220,3956.2596N,11623.6489E
220,3956.2598N,11623.6474E
220,3956.2598N,11623.6457E
220,3956.2597N,11623.6438E
220,3956.2595N,11623.642E
220,3956.2593N,11623.6399E
221,3956.2592N,11623.6377E
220,3956.2591N,11623.6356E
221,3956.2589N,11623.6336E
221,3956.2585N,11623.6318E
221,3956.2576N,11623.6307E
221,3956.2564N,11623.6304E
221,3956.2551N,11623.6304E
221,3956.2537N,11623.6303E
221,3956.2522N,11623.6301E
221,3956.2507N,11623.6299E
221,3956.2491N,11623.6298E
221,3956.2476N,11623.6299E
221,3956.2461N,11623.6297E
221,3956.2445N,11623.6297E
221,3956.2431N,11623.6296E
221,3956.2417N,11623.6296E
221,3956.2403N,11623.6294E
221,3956.239N,11623.6292E
222,3956.2377N,11623.629E
221,3956.2366N,11623.6288E
222,3956.2353N,11623.6286E
222,3956.2342N,11623.6285E
222,3956.2331N,11623.6285E
222,3956.2321N,11623.6285E
222,3956.2312N,11623.6283E
222,3956.2302N,11623.6283E
222,3956.2291N,11623.6281E
222,3956.2277N,11623.6279E
222,3956.2262N,11623.6275E
222,3956.2248N,11623.6273E
222,3956.2236N,11623.6269E
222,3956.2224N,11623.6271E
222,3956.2212N,11623.6273E
222,3956.2201N,11623.6275E
222,3956.219N,11623.6276E
222,3956.2179N,11623.6272E
223,3956.2169N,11623.6268E
223,3956.2158N,11623.6265E
223,3956.2148N,11623.6264E
223,3956.2139N,11623.6262E
223,3956.2132N,11623.6261E
224,3956.2126N,11623.626E
224,3956.2121N,11623.626E
224,3956.2116N,11623.6259E
224,3956.2114N,11623.6258E
225,3956.2114N,11623.6259E
225,3956.2112N,11623.626E
226,3956.2113N,11623.6259E
226,3956.2113N,11623.6259E
227,3956.2113N,11623.6259E
227,3956.2113N,11623.6259E
228,3956.2114N,11623.6258E
228,3956.2112N,11623.6257E
229,3956.211N,11623.6255E
229,3956.2106N,11623.6252E
230,3956.2103N,11623.6251E
230,3956.2103N,11623.6251E
231,3956.2106N,11623.6251E
231,3956.2107N,11623.6252E
232,3956.2105N,11623.6252E
233,3956.2105N,11623.6251E
234,3956.2102N,11623.6251E
234,3956.21N,11623.6251E
234,3956.2096N,11623.6251E
234,3956.2092N,11623.6252E
234,3956.2091N,11623.6252E
235,3956.2091N,11623.6253E
235,3956.2091N,11623.6254E
235,3956.2091N,11623.6254E
235,3956.209N,11623.6255E
236,3956.2089N,11623.6255E
236,3956.2089N,11623.6255E
236,3956.209N,11623.6255E
236,3956.209N,11623.6255E
236,3956.209N,11623.6255E
236,3956.209N,11623.6255E
236,3956.209N,11623.6255E
236,3956.209N,11623.6255E
236,3956.2091N,11623.6254E
237,3956.2094N,11623.6255E
237,3956.2095N,11623.6257E
237,3956.2097N,11623.6258E
237,3956.2098N,11623.6257E
236,3956.21N,11623.6256E
236,3956.2101N,11623.6255E
236,3956.2101N,11623.6255E
236,3956.2101N,11623.6253E
236,3956.21N,11623.625E
236,3956.21N,11623.6248E
237,3956.21N,11623.6247E
237,3956.2101N,11623.6246E
237,3956.2101N,11623.6245E
237,3956.2101N,11623.6244E
237,3956.2102N,11623.6244E
237,3956.2104N,11623.6243E
237,3956.2105N,11623.6243E
237,3956.2105N,11623.6243E
237,3956.2106N,11623.6242E
237,3956.2107N,11623.6243E
237,3956.2107N,11623.6242E
237,3956.2107N,11623.624E
237,3956.2107N,11623.6237E
237,3956.2107N,11623.6237E
237,3956.2109N,11623.6238E
237,3956.2109N,11623.6238E
237,3956.2111N,11623.6239E
237,3956.2114N,11623.6237E
237,3956.2113N,11623.6238E
237,3956.2112N,11623.6238E
237,3956.211N,11623.6238E
237,3956.2109N,11623.6237E
237,3956.2107N,11623.6237E
237,3956.2106N,11623.6236E
236,3956.2106N,11623.6235E
237,3956.2105N,11623.6234E
237,3956.2104N,11623.6234E
236,3956.2103N,11623.6233E
236,3956.2103N,11623.6233E
236,3956.2103N,11623.6233E
236,3956.2103N,11623.6233E
236,3956.2102N,11623.6236E
236,3956.2101N,11623.6238E
236,3956.2101N,11623.6241E
236,3956.21N,11623.6247E
236,3956.2098N,11623.6251E
236,3956.2099N,11623.6249E
236,3956.2096N,11623.6251E
236,3956.2092N,11623.6257E
236,3956.2087N,11623.6266E
236,3956.2081N,11623.6277E
236,3956.2077N,11623.6283E
236,3956.2075N,11623.6286E
236,3956.2071N,11623.6293E
236,3956.2068N,11623.6305E
236,3956.2064N,11623.6312E
236,3956.2062N,11623.6307E
236,3956.206N,11623.6303E
236,3956.2058N,11623.6301E
236,3956.2059N,11623.63E
236,3956.2057N,11623.6301E
236,3956.2059N,11623.6307E
236,3956.2061N,11623.6311E
236,3956.2059N,11623.6309E
236,3956.2062N,11623.6308E
236,3956.2062N,11623.6306E
236,3956.2057N,11623.6312E
236,3956.2048N,11623.6319E
236,3956.2041N,11623.6325E
236,3956.2034N,11623.6331E
236,3956.2026N,11623.6335E
236,3956.2019N,11623.6332E
236,3956.2015N,11623.6329E
236,3956.2014N,11623.6322E
236,3956.2025N,11623.6306E
236,3956.2033N,11623.6297E
236,3956.2039N,11623.6287E
236,3956.2044N,11623.6282E
236,3956.2049N,11623.6274E
236,3956.2054N,11623.6272E
236,3956.2062N,11623.6272E
236,3956.2067N,11623.6267E
236,3956.2068N,11623.6261E
236,3956.2072N,11623.6255E
235,3956.2069N,11623.6251E
235,3956.2069N,11623.6245E
235,3956.207N,11623.6244E
235,3956.2075N,11623.6239E
235,3956.2082N,11623.6239E
235,3956.2087N,11623.6237E
235,3956.2089N,11623.6241E
235,3956.2094N,11623.6244E
235,3956.2101N,11623.6242E
235,3956.2113N,11623.6243E
235,3956.2132N,11623.6245E
234,3956.2159N,11623.6239E
234,3956.2175N,11623.6242E
234,3956.219N,11623.6247E
234,3956.2173N,11623.6263E
234,3956.216N,11623.6287E
234,3956.2154N,11623.6305E
234,3956.2144N,11623.6328E
234,3956.2138N,11623.6356E
234,3956.2129N,11623.6391E
235,3956.2116N,11623.6431E
235,3956.2101N,11623.6466E
235,3956.2081N,11623.6493E
235,3956.2053N,11623.6504E
235,3956.2033N,11623.653E
235,3956.2012N,11623.6555E
235,3956.1992N,11623.6581E
235,3956.1978N,11623.6511E
235,3956.1961N,11623.6482E
235,3956.1943N,11623.6468E
235,3956.1921N,11623.6447E
235,3956.1904N,11623.6426E
235,3956.1884N,11623.6409E
235,3956.1852N,11623.6392E
235,3956.1845N,11623.637E
235,3956.19N,11623.6331E
235,3956.1964N,11623.6291E
235,3956.1991N,11623.6266E
235,3956.1994N,11623.6249E
235,3956.2007N,11623.6234E
235,3956.202N,11623.6221E
235,3956.2027N,11623.6211E
235,3956.204N,11623.6197E
235,3956.2049N,11623.6172E
235,3956.2056N,11623.6146E
234,3956.2055N,11623.6119E
234,3956.2057N,11623.6087E
234,3956.2059N,11623.6055E
234,3956.2056N,11623.6027E
234,3956.2054N,11623.6E
233,3956.2051N,11623.5973E
233,3956.2049N,11623.5945E
233,3956.2046N,11623.5918E
233,3956.2043N,11623.589E
233,3956.2041N,11623.5863E
232,3956.2038N,11623.5835E
232,3956.2036N,11623.5808E
232,3956.2033N,11623.578E
232,3956.2031N,11623.5753E
232,3956.2028N,11623.5725E
232,3956.2026N,11623.5698E
232,3956.2023N,11623.5671E
235,3956.207N,11623.6225E
235,3956.2128N,11623.6114E
235,3956.2173N,11623.6163E
237,3956.2081N,11623.6366E
237,3956.2116N,11623.62E
237,3956.2081N,11623.6249E
238,3956.2119N,11623.627E
238,3956.2118N,11623.6278E
238,3956.2125N,11623.6259E
237,3956.2137N,11623.6245E
237,3956.2147N,11623.6233E
237,3956.2137N,11623.6197E
237,3956.2138N,11623.6188E
237,3956.2133N,11623.6181E
237,3956.2124N,11623.6186E
237,3956.2111N,11623.6186E
237,3956.2086N,11623.618E
237,3956.2068N,11623.6171E
237,3956.2048N,11623.6165E
236,3956.2024N,11623.6163E
235,3956.2009N,11623.6162E
235,3956.2007N,11623.6162E
235,3956.2011N,11623.6165E
235,3956.2015N,11623.6178E
235,3956.2027N,11623.6193E
235,3956.2036N,11623.6196E
236,3956.2042N,11623.62E
235,3956.2049N,11623.6201E
234,3956.2055N,11623.6199E
233,3956.2056N,11623.6196E
232,3956.2055N,11623.6198E
232,3956.2051N,11623.62E
232,3956.2043N,11623.6205E
232,3956.2036N,11623.6214E
233,3956.2026N,11623.6221E
232,3956.2013N,11623.6226E
232,3956.1997N,11623.6233E
232,3956.1974N,11623.6243E
232,3956.1957N,11623.6248E
231,3956.1949N,11623.6244E
231,3956.194N,11623.6241E
230,3956.1936N,11623.6234E
229,3956.1935N,11623.6232E
229,3956.1919N,11623.6236E
230,3956.1913N,11623.6234E
230,3956.1905N,11623.6234E
230,3956.1895N,11623.6239E
230,3956.1884N,11623.6247E
230,3956.188N,11623.6248E
231,3956.1875N,11623.6257E
231,3956.1876N,11623.6266E
231,3956.1885N,11623.6277E
232,3956.1889N,11623.6293E
231,3956.1882N,11623.6314E
231,3956.1872N,11623.6331E
230,3956.1864N,11623.6352E
231,3956.1855N,11623.6371E
232,3956.1844N,11623.6403E
232,3956.1836N,11623.6422E
233,3956.1836N,11623.6442E
234,3956.1829N,11623.6455E
235,3956.1825N,11623.6468E
235,3956.1818N,11623.6484E
235,3956.1807N,11623.6506E
236,3956.1801N,11623.6523E
236,3956.1796N,11623.6542E
236,3956.1796N,11623.6561E
236,3956.18N,11623.6573E
236,3956.1802N,11623.6586E
235,3956.1802N,11623.6605E
235,3956.1798N,11623.6627E
236,3956.1799N,11623.6649E
236,3956.1799N,11623.6669E
236,3956.1803N,11623.6684E
236,3956.1812N,11623.6691E
235,3956.1819N,11623.6699E
235,3956.1828N,11623.6703E
235,3956.1834N,11623.6706E
235,3956.1834N,11623.6712E
235,3956.1842N,11623.6716E
235,3956.185N,11623.6717E
235,3956.186N,11623.6724E
235,3956.1854N,11623.6743E
235,3956.1854N,11623.6766E
235,3956.1845N,11623.6785E
235,3956.1835N,11623.6804E
235,3956.183N,11623.6821E
235,3956.1823N,11623.6829E
235,3956.1822N,11623.6834E
235,3956.1825N,11623.6835E
234,3956.1825N,11623.6836E
234,3956.1823N,11623.6836E
234,3956.1825N,11623.6834E
234,3956.1822N,11623.6837E
234,3956.1817N,11623.6835E
234,3956.1816N,11623.683E
234,3956.1818N,11623.6832E
235,3956.1836N,11623.6835E
237,3956.1844N,11623.6843E
239,3956.1846N,11623.6851E
243,3956.1838N,11623.6866E
246,3956.1842N,11623.6878E
247,3956.1847N,11623.6889E
263,3956.1842N,11623.6904E
283,3956.1841N,11623.6921E
286,3956.1838N,11623.6937E
285,3956.184N,11623.6956E
283,3956.184N,11623.6979E
281,3956.1838N,11623.7004E
279,3956.1839N,11623.7021E
277,3956.1842N,11623.7034E
276,3956.1846N,11623.7041E
274,3956.1847N,11623.7048E
273,3956.1848N,11623.7058E
271,3956.1847N,11623.7074E
270,3956.1844N,11623.7092E
269,3956.1842N,11623.7108E
268,3956.1837N,11623.7118E
267,3956.1831N,11623.7127E
266,3956.1822N,11623.714E
265,3956.1813N,11623.7155E
264,3956.1801N,11623.7178E
264,3956.1792N,11623.7196E
263,3956.1784N,11623.7217E
262,3956.178N,11623.7232E
261,3956.1778N,11623.7248E
260,3956.1783N,11623.7258E
259,3956.1793N,11623.7267E
258,3956.1804N,11623.7273E
257,3956.1813N,11623.728E
257,3956.1819N,11623.7291E
256,3956.1827N,11623.7305E
256,3956.1832N,11623.7319E
255,3956.1839N,11623.7339E
255,3956.1848N,11623.7364E
254,3956.1858N,11623.7391E
254,3956.1865N,11623.7421E
254,3956.1871N,11623.7446E
254,3956.1873N,11623.7463E
254,3956.1872N,11623.7479E
253,3956.187N,11623.7489E
253,3956.1871N,11623.7497E
253,3956.1873N,11623.7503E
253,3956.1875N,11623.751E
253,3956.1878N,11623.7514E
252,3956.1875N,11623.7521E
252,3956.1873N,11623.7536E
251,3956.1872N,11623.7554E
251,3956.1873N,11623.7573E
251,3956.1878N,11623.7596E
251,3956.1878N,11623.7623E
251,3956.1881N,11623.7651E
251,3956.1884N,11623.7676E
251,3956.1878N,11623.7702E
251,3956.1875N,11623.7724E
251,3956.1874N,11623.7743E
251,3956.1879N,11623.7759E
251,3956.1882N,11623.7773E
250,3956.1882N,11623.7785E
250,3956.1879N,11623.7798E
250,3956.1876N,11623.781E
250,3956.1875N,11623.7815E
249,3956.1876N,11623.7815E
249,3956.1871N,11623.7822E
248,3956.1866N,11623.7828E
248,3956.1864N,11623.7837E
247,3956.1866N,11623.785E
247,3956.1868N,11623.7863E
247,3956.1871N,11623.7876E
246,3956.1871N,11623.7898E
246,3956.1861N,11623.7921E
246,3956.1845N,11623.7946E
246,3956.1828N,11623.7971E
246,3956.1822N,11623.7987E
246,3956.1817N,11623.7999E
246,3956.1819N,11623.8001E
247,3956.1811N,11623.8003E
247,3956.1803N,11623.8012E
247,3956.1803N,11623.8022E
247,3956.1807N,11623.8035E
247,3956.1806N,11623.805E
247,3956.1807N,11623.8062E
247,3956.1803N,11623.8072E
247,3956.18N,11623.808E
247,3956.1797N,11623.8089E
247,3956.1792N,11623.8098E
247,3956.1789N,11623.8103E
247,3956.1792N,11623.81E
247,3956.1798N,11623.8097E
247,3956.1801N,11623.8095E
246,3956.1801N,11623.8095E
246,3956.1805N,11623.8092E
246,3956.1806N,11623.8092E
246,3956.1809N,11623.809E
246,3956.181N,11623.8089E
246,3956.1814N,11623.8087E
246,3956.1813N,11623.8092E
246,3956.1814N,11623.8095E
246,3956.1814N,11623.8098E
246,3956.1814N,11623.8098E
245,3956.1815N,11623.81E
245,3956.1813N,11623.8098E
245,3956.181N,11623.8096E
245,3956.1808N,11623.8094E
245,3956.1813N,11623.8089E
245,3956.1817N,11623.8085E
245,3956.182N,11623.8086E
245,3956.1822N,11623.8087E
245,3956.1827N,11623.8089E
245,3956.1834N,11623.8088E
245,3956.1844N,11623.8088E
244,3956.1846N,11623.8087E
244,3956.1848N,11623.8084E
244,3956.1849N,11623.808E
244,3956.1846N,11623.8077E
244,3956.1844N,11623.8073E
244,3956.1842N,11623.8072E
244,3956.1843N,11623.807E
244,3956.1843N,11623.8072E
244,3956.1839N,11623.8075E
244,3956.1834N,11623.8079E
244,3956.1835N,11623.8079E
244,3956.1837N,11623.8078E
243,3956.1836N,11623.8077E
243,3956.1834N,11623.8072E
243,3956.183N,11623.807E
243,3956.1832N,11623.807E
243,3956.1838N,11623.8071E
243,3956.1841N,11623.8071E
243,3956.1846N,11623.8068E
243,3956.1853N,11623.8066E
243,3956.1861N,11623.8067E
242,3956.1866N,11623.8071E
242,3956.1872N,11623.8078E
242,3956.1874N,11623.8093E
242,3956.1871N,11623.8108E
242,3956.1869N,11623.812E
242,3956.1873N,11623.8129E
242,3956.1879N,11623.8135E
242,3956.1878N,11623.8135E
242,3956.1874N,11623.8135E
242,3956.1871N,11623.8142E
242,3956.1872N,11623.8144E
242,3956.1871N,11623.8144E
242,3956.187N,11623.8147E
242,3956.1873N,11623.8151E
241,3956.1877N,11623.8157E
242,3956.1881N,11623.8159E
242,3956.1889N,11623.8159E
242,3956.1896N,11623.816E
242,3956.19N,11623.8166E
242,3956.1901N,11623.8177E
242,3956.1903N,11623.8177E
242,3956.1905N,11623.8177E
242,3956.1906N,11623.8181E
242,3956.191N,11623.8179E
242,3956.1913N,11623.8177E
242,3956.1915N,11623.8171E
242,3956.1914N,11623.8165E
242,3956.1912N,11623.8165E
242,3956.1915N,11623.8163E
242,3956.1918N,11623.8159E
242,3956.1923N,11623.8161E
242,3956.1936N,11623.816E
241,3956.1948N,11623.8164E
241,3956.1958N,11623.8168E
241,3956.1964N,11623.8179E
241,3956.1969N,11623.8188E
241,3956.1972N,11623.8195E
241,3956.1976N,11623.8201E
240,3956.1977N,11623.8206E
240,3956.1972N,11623.8219E
240,3956.1965N,11623.8229E
240,3956.1962N,11623.8234E
240,3956.1955N,11623.8235E
240,3956.1949N,11623.8228E
240,3956.1942N,11623.8216E
240,3956.1945N,11623.821E
240,3956.1949N,11623.8201E
240,3956.195N,11623.819E
240,3956.1951N,11623.8176E
240,3956.1961N,11623.8164E
240,3956.1973N,11623.8154E
239,3956.1983N,11623.8147E
239,3956.1976N,11623.8149E
239,3956.1971N,11623.815E
239,3956.1964N,11623.8151E
239,3956.1964N,11623.8146E
240,3956.1961N,11623.8142E
240,3956.1953N,11623.8138E
240,3956.1951N,11623.8136E
239,3956.1945N,11623.8128E
239,3956.1937N,11623.8123E
239,3956.1927N,11623.8123E
239,3956.1923N,11623.8128E
239,3956.1922N,11623.813E
239,3956.1923N,11623.8139E
239,3956.1925N,11623.8129E
239,3956.1922N,11623.8128E
239,3956.1924N,11623.8119E
239,3956.1924N,11623.8116E
240,3956.1925N,11623.8112E
240,3956.1927N,11623.8103E
240,3956.1926N,11623.8095E
240,3956.1927N,11623.8097E
241,3956.1926N,11623.8098E
241,3956.1924N,11623.8102E
242,3956.1924N,11623.8104E
242,3956.1925N,11623.8109E
243,3956.1927N,11623.8107E
243,3956.193N,11623.8111E
244,3956.1927N,11623.8111E
244,3956.1924N,11623.811E
245,3956.1922N,11623.8107E
245,3956.1925N,11623.8102E
246,3956.1926N,11623.8109E
246,3956.1925N,11623.8101E
246,3956.1929N,11623.8104E
247,3956.1929N,11623.8106E
247,3956.1929N,11623.8113E
247,3956.1932N,11623.812E
248,3956.1931N,11623.8136E
248,3956.1928N,11623.8145E
248,3956.1923N,11623.8146E
249,3956.1919N,11623.8148E
249,3956.192N,11623.8145E
249,3956.1923N,11623.8138E
249,3956.1921N,11623.8136E
249,3956.1919N,11623.8132E
250,3956.1917N,11623.8133E
250,3956.1915N,11623.8137E
250,3956.1914N,11623.8145E
250,3956.1912N,11623.8156E
250,3956.1911N,11623.8168E
249,3956.1912N,11623.8169E
249,3956.1915N,11623.8166E
249,3956.1918N,11623.8162E
249,3956.1923N,11623.8159E
249,3956.1927N,11623.8158E
249,3956.1931N,11623.8152E
249,3956.1937N,11623.8146E
248,3956.1942N,11623.8135E
249,3956.1946N,11623.8133E
249,3956.195N,11623.8128E
249,3956.1952N,11623.8123E
249,3956.1949N,11623.8112E
249,3956.1948N,11623.8107E
249,3956.1949N,11623.8107E
248,3956.1953N,11623.8108E
248,3956.1958N,11623.811E
248,3956.1965N,11623.8116E
248,3956.1975N,11623.8123E
248,3956.1983N,11623.8134E
248,3956.1988N,11623.8139E
248,3956.1997N,11623.8146E
248,3956.1995N,11623.815E
248,3956.1995N,11623.8148E
248,3956.2001N,11623.8139E
248,3956.2007N,11623.8131E
247,3956.2004N,11623.8125E
247,3956.2008N,11623.8121E
247,3956.2012N,11623.8116E
247,3956.2015N,11623.8113E
247,3956.2016N,11623.8106E
247,3956.2018N,11623.8098E
247,3956.2019N,11623.8097E
247,3956.2024N,11623.8098E
247,3956.2032N,11623.8099E
247,3956.2047N,11623.8106E
247,3956.2061N,11623.811E
247,3956.2069N,11623.8116E
247,3956.2076N,11623.8122E
247,3956.2074N,11623.8129E
247,3956.2078N,11623.8136E
247,3956.2078N,11623.8142E
247,3956.2069N,11623.815E
246,3956.2067N,11623.815E
246,3956.2068N,11623.8148E
246,3956.2072N,11623.8146E
246,3956.2083N,11623.8142E
246,3956.2094N,11623.8141E
246,3956.2092N,11623.8149E
246,3956.2095N,11623.8146E
246,3956.2104N,11623.8145E
245,3956.2118N,11623.8139E
245,3956.2124N,11623.8137E
245,3956.213N,11623.8134E
245,3956.2137N,11623.8135E
245,3956.2143N,11623.8135E
245,3956.2152N,11623.8142E
244,3956.2157N,11623.815E
244,3956.2166N,11623.8157E
244,3956.2167N,11623.8158E
244,3956.2167N,11623.8155E
244,3956.2163N,11623.8155E
244,3956.216N,11623.8155E
244,3956.2164N,11623.8153E
244,3956.2173N,11623.8146E
244,3956.2178N,11623.8142E
244,3956.2183N,11623.814E
243,3956.2184N,11623.8141E
243,3956.2185N,11623.8145E
243,3956.2183N,11623.8153E
243,3956.2188N,11623.8163E
243,3956.2194N,11623.8175E
242,3956.2192N,11623.8189E
242,3956.219N,11623.8202E
242,3956.2186N,11623.8209E
242,3956.2192N,11623.8209E
242,3956.2192N,11623.8208E
242,3956.2196N,11623.82E
242,3956.2201N,11623.8191E
242,3956.2206N,11623.8182E
242,3956.221N,11623.8165E
242,3956.2214N,11623.8157E
242,3956.2219N,11623.8152E
242,3956.2228N,11623.8153E
242,3956.2236N,11623.8159E
242,3956.2243N,11623.8164E
241,3956.225N,11623.8162E
241,3956.2251N,11623.8164E
241,3956.2254N,11623.8171E
241,3956.2252N,11623.8179E
241,3956.2248N,11623.8176E
241,3956.2251N,11623.817E
240,3956.2251N,11623.8169E
240,3956.225N,11623.8171E
240,3956.2252N,11623.8174E
240,3956.2256N,11623.8173E
239,3956.2262N,11623.8173E
239,3956.2274N,11623.817E
239,3956.2274N,11623.8173E
239,3956.2273N,11623.8172E
239,3956.2272N,11623.817E
240,3956.227N,11623.817E
240,3956.2267N,11623.8177E
239,3956.2264N,11623.8181E
239,3956.2261N,11623.8183E
239,3956.2257N,11623.8184E
239,3956.2256N,11623.8185E
238,3956.2255N,11623.8188E
238,3956.2254N,11623.819E
238,3956.2253N,11623.8191E
237,3956.225N,11623.8193E
237,3956.2249N,11623.8189E
237,3956.2249N,11623.8187E
237,3956.2247N,11623.8185E
237,3956.2246N,11623.8185E
237,3956.2246N,11623.8185E
237,3956.2249N,11623.8185E
237,3956.2257N,11623.8182E
237,3956.2263N,11623.8183E
237,3956.2266N,11623.8185E
237,3956.227N,11623.8184E
237,3956.2272N,11623.8181E
237,3956.2278N,11623.8177E
237,3956.2283N,11623.8171E
237,3956.2288N,11623.817E
237,3956.2296N,11623.8168E
237,3956.2306N,11623.8165E
237,3956.2311N,11623.8167E
237,3956.2317N,11623.8165E
237,3956.2324N,11623.8164E
237,3956.2327N,11623.8165E
237,3956.2331N,11623.8163E
237,3956.2337N,11623.816E
237,3956.2341N,11623.8158E
237,3956.2343N,11623.8159E
236,3956.2347N,11623.816E
236,3956.2348N,11623.816E
236,3956.2351N,11623.8155E
237,3956.2349N,11623.8154E
237,3956.2351N,11623.8155E
237,3956.2353N,11623.8159E
237,3956.2355N,11623.8162E
237,3956.2356N,11623.8164E
237,3956.2359N,11623.8163E
237,3956.2364N,11623.8161E
237,3956.2369N,11623.816E
237,3956.2374N,11623.8158E
237,3956.2377N,11623.8155E
237,3956.2376N,11623.8156E
237,3956.2379N,11623.8153E
236,3956.2385N,11623.8152E
236,3956.2388N,11623.8154E
236,3956.2396N,11623.8152E
236,3956.2398N,11623.8154E
236,3956.2403N,11623.8152E
235,3956.2409N,11623.815E
235,3956.2413N,11623.8151E
235,3956.242N,11623.8151E
235,3956.2425N,11623.8152E
235,3956.2427N,11623.8154E
235,3956.2428N,11623.8156E
235,3956.2432N,11623.8155E
234,3956.2437N,11623.8153E
234,3956.244N,11623.8152E
234,3956.2444N,11623.815E
234,3956.2447N,11623.8148E
234,3956.2446N,11623.8151E
234,3956.2451N,11623.815E
233,3956.2455N,11623.8148E
233,3956.246N,11623.8146E
233,3956.2465N,11623.8143E
233,3956.2464N,11623.8146E
233,3956.2465N,11623.8145E
233,3956.2467N,11623.8145E
233,3956.247N,11623.8143E
233,3956.2475N,11623.8143E
232,3956.2475N,11623.8146E
232,3956.2478N,11623.8147E
232,3956.2482N,11623.8147E
232,3956.2489N,11623.8146E
233,3956.2494N,11623.8146E
232,3956.2499N,11623.8148E
232,3956.2504N,11623.8147E
232,3956.2506N,11623.8146E
232,3956.2511N,11623.8145E
232,3956.252N,11623.8141E
232,3956.2527N,11623.8139E
232,3956.2531N,11623.8138E
232,3956.2533N,11623.8136E
232,3956.2535N,11623.8136E
232,3956.2534N,11623.8138E
233,3956.2536N,11623.814E
234,3956.2538N,11623.8141E
235,3956.2546N,11623.8139E
234,3956.2551N,11623.8139E
234,3956.2549N,11623.8141E
234,3956.255N,11623.8142E
234,3956.2555N,11623.8141E
233,3956.2559N,11623.814E
233,3956.2564N,11623.8139E
233,3956.2568N,11623.814E
233,3956.2572N,11623.8142E
233,3956.2574N,11623.8144E
233,3956.2579N,11623.8145E
232,3956.2581N,11623.8146E
232,3956.2584N,11623.8146E
232,3956.2591N,11623.8145E
232,3956.2593N,11623.8146E
232,3956.2593N,11623.8147E
232,3956.2597N,11623.8146E
232,3956.2601N,11623.8146E
232,3956.2607N,11623.8145E
232,3956.261N,11623.8147E
232,3956.2613N,11623.8148E
232,3956.2618N,11623.8149E
232,3956.2622N,11623.8151E
233,3956.2625N,11623.8152E
232,3956.2628N,11623.8156E
232,3956.2631N,11623.816E
232,3956.2636N,11623.8158E
232,3956.2641N,11623.816E
232,3956.2647N,11623.816E
233,3956.2649N,11623.8163E
233,3956.265N,11623.8167E
233,3956.2649N,11623.8176E
233,3956.2651N,11623.818E
233,3956.2653N,11623.8186E
233,3956.2654N,11623.8193E
234,3956.2657N,11623.8199E
234,3956.2658N,11623.8205E
234,3956.2658N,11623.8214E
234,3956.266N,11623.8222E
234,3956.2661N,11623.823E
234,3956.2662N,11623.8237E
233,3956.2663N,11623.8247E
233,3956.2664N,11623.8253E
233,3956.2666N,11623.8259E
234,3956.2669N,11623.8263E
234,3956.2669N,11623.827E
234,3956.2672N,11623.8276E
234,3956.2674N,11623.8284E
234,3956.2674N,11623.8292E
234,3956.2673N,11623.83E
234,3956.2673N,11623.8306E
234,3956.2672N,11623.8313E
234,3956.267N,11623.8321E
234,3956.2667N,11623.833E
235,3956.2666N,11623.834E
235,3956.2668N,11623.8349E
235,3956.2667N,11623.8359E
235,3956.2666N,11623.8368E
235,3956.2666N,11623.8374E
235,3956.2668N,11623.838E
235,3956.2669N,11623.8387E
235,3956.2668N,11623.8392E
236,3956.2669N,11623.8398E
236,3956.2669N,11623.8406E
236,3956.2669N,11623.8413E
236,3956.267N,11623.8419E
236,3956.2669N,11623.8426E
236,3956.2668N,11623.8433E
237,3956.2667N,11623.844E
236,3956.2666N,11623.8447E
236,3956.2666N,11623.8452E
236,3956.2666N,11623.8458E
236,3956.2666N,11623.8464E
236,3956.2665N,11623.8471E
236,3956.2664N,11623.8478E
235,3956.2665N,11623.8485E
235,3956.2666N,11623.8492E
235,3956.2665N,11623.8499E
235,3956.2665N,11623.8505E
235,3956.2663N,11623.8511E
234,3956.2663N,11623.8517E
234,3956.2664N,11623.8523E
234,3956.2663N,11623.8529E
234,3956.2664N,11623.8537E
234,3956.2663N,11623.8545E
234,3956.2663N,11623.8552E
233,3956.2662N,11623.856E
233,3956.2663N,11623.8567E
233,3956.2664N,11623.857E
233,3956.2664N,11623.8575E
233,3956.2664N,11623.8582E
233,3956.2664N,11623.859E
233,3956.2663N,11623.8597E
233,3956.2663N,11623.8606E
233,3956.2663N,11623.8614E
233,3956.2664N,11623.862E
233,3956.2664N,11623.8627E
233,3956.2665N,11623.8634E
232,3956.2666N,11623.864E
232,3956.2666N,11623.8646E
232,3956.2665N,11623.8653E
232,3956.2664N,11623.8659E
232,3956.2665N,11623.8666E
232,3956.2664N,11623.8672E
231,3956.2664N,11623.8679E
231,3956.2663N,11623.8686E
231,3956.2662N,11623.8692E
231,3956.266N,11623.8699E
231,3956.2659N,11623.8705E
231,3956.266N,11623.8714E
231,3956.266N,11623.8721E
231,3956.2659N,11623.8728E
231,3956.2658N,11623.8734E
231,3956.2658N,11623.874E
231,3956.2657N,11623.8746E
230,3956.2658N,11623.8752E
230,3956.2658N,11623.8758E
230,3956.2657N,11623.8765E
230,3956.2656N,11623.8772E
230,3956.2656N,11623.878E
230,3956.2656N,11623.8791E
230,3956.2657N,11623.88E
230,3956.2659N,11623.8808E
230,3956.2659N,11623.8814E
230,3956.2659N,11623.8821E
230,3956.266N,11623.883E
230,3956.2659N,11623.8838E
230,3956.2659N,11623.8845E
229,3956.2659N,11623.8857E
229,3956.266N,11623.8866E
229,3956.2661N,11623.8877E
229,3956.2662N,11623.8886E
229,3956.2663N,11623.8893E
229,3956.2665N,11623.8901E
229,3956.2666N,11623.8909E
229,3956.2668N,11623.8914E
229,3956.2669N,11623.8917E
229,3956.2669N,11623.8921E
229,3956.2669N,11623.8929E
229,3956.2669N,11623.8936E
229,3956.2669N,11623.8943E
229,3956.267N,11623.895E
228,3956.2669N,11623.8956E
228,3956.2669N,11623.8962E
229,3956.267N,11623.8965E
228,3956.2669N,11623.8967E
228,3956.2669N,11623.897E
228,3956.2668N,11623.8973E
228,3956.2668N,11623.8978E
228,3956.2668N,11623.8984E
228,3956.2668N,11623.899E
228,3956.2667N,11623.8995E
228,3956.2666N,11623.9E
228,3956.2665N,11623.9005E
227,3956.2666N,11623.9009E
228,3956.2666N,11623.901E
228,3956.2667N,11623.9013E
228,3956.2668N,11623.9016E
227,3956.2669N,11623.9021E
227,3956.2669N,11623.9027E
227,3956.2671N,11623.9033E
227,3956.2673N,11623.9038E
228,3956.2674N,11623.9043E
228,3956.2676N,11623.905E
228,3956.2677N,11623.9057E
228,3956.268N,11623.9064E
228,3956.268N,11623.9071E
228,3956.2682N,11623.9077E
227,3956.2683N,11623.9084E
227,3956.2684N,11623.9091E
227,3956.2687N,11623.9098E
227,3956.2688N,11623.9103E
227,3956.2688N,11623.9107E
227,3956.2688N,11623.911E
227,3956.2687N,11623.9116E
227,3956.2687N,11623.9123E
227,3956.2686N,11623.9132E
227,3956.2684N,11623.9141E
227,3956.2681N,11623.9148E
227,3956.2681N,11623.9152E
227,3956.2681N,11623.9161E
226,3956.2682N,11623.9167E
227,3956.2682N,11623.9174E
227,3956.2683N,11623.918E
227,3956.2683N,11623.9186E
227,3956.2683N,11623.9192E
227,3956.2683N,11623.9198E
227,3956.2683N,11623.9201E
226,3956.2683N,11623.9207E
226,3956.2684N,11623.9214E
227,3956.2684N,11623.922E
226,3956.2684N,11623.9225E
226,3956.2684N,11623.9232E
226,3956.2685N,11623.924E
226,3956.2685N,11623.9249E
226,3956.2686N,11623.9259E
226,3956.2688N,11623.9268E
226,3956.269N,11623.9278E
226,3956.2691N,11623.9287E
226,3956.2692N,11623.9297E
226,3956.2694N,11623.9305E
226,3956.2694N,11623.9313E
226,3956.2695N,11623.9321E
225,3956.2695N,11623.9325E
225,3956.2694N,11623.9332E
225,3956.2692N,11623.9341E
225,3956.269N,11623.9351E
225,3956.2688N,11623.9357E
225,3956.2687N,11623.9365E
225,3956.2688N,11623.9374E
225,3956.2688N,11623.9382E
225,3956.2688N,11623.939E
225,3956.2688N,11623.9401E
225,3956.2687N,11623.9418E
225,3956.2686N,11623.9434E
225,3956.2686N,11623.9453E
226,3956.2684N,11623.9472E
225,3956.2682N,11623.9494E
225,3956.2681N,11623.9515E
225,3956.2681N,11623.9534E
225,3956.268N,11623.9555E
225,3956.2678N,11623.9576E
225,3956.2676N,11623.9597E
226,3956.2675N,11623.9618E
226,3956.2675N,11623.9638E
226,3956.2676N,11623.9658E
226,3956.2675N,11623.9677E
227,3956.2675N,11623.9696E
227,3956.2675N,11623.9714E
227,3956.2674N,11623.9732E
227,3956.2673N,11623.9749E
228,3956.2674N,11623.9766E
228,3956.2676N,11623.9786E
228,3956.2679N,11623.9803E
228,3956.2679N,11623.982E
228,3956.2677N,11623.9837E
229,3956.2676N,11623.9855E
228,3956.2678N,11623.9871E
228,3956.2685N,11623.9882E
228,3956.2694N,11623.9889E
228,3956.2706N,11623.9895E
228,3956.2717N,11623.9899E
228,3956.2729N,11623.9899E
229,3956.2742N,11623.9902E
229,3956.2754N,11623.9907E
229,3956.2766N,11623.9912E
229,3956.2778N,11623.9916E
229,3956.2786N,11623.992E
229,3956.2796N,11623.9922E
229,3956.2806N,11623.9925E
229,3956.2818N,11623.993E
229,3956.2826N,11623.9935E
229,3956.283N,11623.9941E
229,3956.2837N,11623.9944E
228,3956.2843N,11623.9942E
228,3956.2852N,11623.9941E
228,3956.286N,11623.9941E
228,3956.287N,11623.9936E
228,3956.2885N,11623.9941E
228,3956.2897N,11623.9943E
228,3956.2909N,11623.9942E
228,3956.2923N,11623.994E
228,3956.2939N,11623.9938E
228,3956.2952N,11623.994E
228,3956.2964N,11623.9941E
228,3956.2978N,11623.9943E
227,3956.2995N,11623.9941E
228,3956.301N,11623.9944E
228,3956.3024N,11623.9947E
227,3956.3037N,11623.9947E
227,3956.3055N,11623.9944E
227,3956.3071N,11623.9945E
227,3956.3086N,11623.9944E
228,3956.3102N,11623.9939E
228,3956.3115N,11623.993E
228,3956.3123N,11623.992E
228,3956.3129N,11623.9906E
227,3956.3133N,11623.9892E
227,3956.3137N,11623.9875E
227,3956.3138N,11623.9859E
227,3956.3139N,11623.9844E
227,3956.3137N,11623.9828E
227,3956.3138N,11623.9809E
227,3956.3137N,11623.9791E
227,3956.3138N,11623.9772E
227,3956.3141N,11623.9753E
227,3956.3142N,11623.9735E
227,3956.3143N,11623.972E
227,3956.3144N,11623.9704E
227,3956.3145N,11623.9685E
227,3956.3141N,11623.9672E
227,3956.3138N,11623.9664E
227,3956.3135N,11623.9659E
227,3956.3135N,11623.9658E
227,3956.3135N,11623.9664E
227,3956.3137N,11623.967E
226,3956.3142N,11623.9672E
226,3956.3149N,11623.9672E
227,3956.316N,11623.9668E
227,3956.3171N,11623.9664E
227,3956.3181N,11623.966E
227,3956.319N,11623.9654E
228,3956.32N,11623.9638E
228,3956.3212N,11623.9625E
229,3956.3226N,11623.9604E
229,3956.3237N,11623.9577E
230,3956.3248N,11623.9548E
230,3956.3257N,11623.9518E
230,3956.3264N,11623.9494E
229,3956.3271N,11623.9474E
230,3956.3275N,11623.9461E
230,3956.3281N,11623.9454E
230,3956.3293N,11623.9448E
230,3956.3304N,11623.9444E
230,3956.3311N,11623.944E
230,3956.3319N,11623.9437E
230,3956.3334N,11623.9428E
230,3956.3348N,11623.9424E
230,3956.3358N,11623.9423E
230,3956.337N,11623.9421E
230,3956.3381N,11623.942E
230,3956.3391N,11623.9419E
230,3956.3403N,11623.9415E
230,3956.3413N,11623.941E
230,3956.3427N,11623.9406E
230,3956.3441N,11623.9401E
230,3956.3454N,11623.9397E
230,3956.3469N,11623.9393E
230,3956.3479N,11623.9391E
230,3956.349N,11623.9391E
230,3956.3497N,11623.9392E
230,3956.3505N,11623.9389E
230,3956.3509N,11623.939E
230,3956.3511N,11623.9392E
230,3956.351N,11623.9395E
231,3956.351N,11623.9398E
231,3956.351N,11623.9399E
231,3956.351N,11623.9394E
231,3956.3512N,11623.9391E
229,3956.3513N,11623.9393E
230,3956.3515N,11623.9391E
230,3956.3516N,11623.9386E
230,3956.3517N,11623.9383E
231,3956.3516N,11623.9382E
230,3956.3518N,11623.9384E
230,3956.3518N,11623.9389E
231,3956.3521N,11623.9395E
231,3956.3524N,11623.9402E
232,3956.3526N,11623.9405E
231,3956.3526N,11623.9407E
231,3956.3525N,11623.9406E
232,3956.3523N,11623.9405E
232,3956.3523N,11623.9402E
232,3956.3525N,11623.9397E
232,3956.3528N,11623.9393E
232,3956.3532N,11623.9387E
232,3956.353N,11623.9383E
233,3956.3517N,11623.9384E
232,3956.3497N,11623.939E
231,3956.3498N,11623.9385E
231,3956.3504N,11623.9379E
231,3956.3515N,11623.9365E
231,3956.3526N,11623.9352E
232,3956.3526N,11623.9345E
232,3956.3527N,11623.9345E
232,3956.3528N,11623.935E
232,3956.3532N,11623.9348E
232,3956.3537N,11623.9347E
231,3956.354N,11623.9348E